日期,一区,二区,三区,四区,五区
2022/05/20,36.47782735,62.99085409,3.16274437,46.39086299,19.42969232
2022/05/21,55.54606769,21.29675990,66.40878880,48.06363327,93.94544555
2022/05/22,20.82525016,85.59953783,51.10160036,31.81112862,53.22539209
2022/05/23,93.59503405,23.80132168,65.96933125,26.62493247,23.62460191
2022/05/24,48.71726902,5.38240327,85.51904228,30.91727065,89.39064938
2022/05/25,28.02210656,0.70653074,10.92096564,28.05863651,58.50000475
2022/05/26,21.12588050,86.49622463,31.79728944,3.33691590,82.49975689
2022/05/27,98.75031310,39.02599525,72.77436185,72.32197217,24.43309452
2022/05/28,97.21400840,35.15093513,10.99014835,18.94139254,57.27368983
2022/05/29,23.89585423,21.98320518,55.92053135,94.30782747,27.39934447
2022/05/30,57.72579359,85.72398034,75.86464187,21.37639718,71.32316850
2022/05/31,80.60446739,33.42061760,97.42691278,34.83060418,82.67476319
2022/06/01,9.29736080,46.99043483,22.29367631,34.77657578,85.24053774
2022/06/02,87.42206675,45.83711089,18.75687062,1.95058916,38.13731930
2022/06/03,62.34344953,45.74919150,39.12787706,82.96363667,41.40360574
2022/06/04,62.97113180,59.96509243,95.47531344,2.81137258,52.23505574
2022/06/05,39.34690315,77.04191629,15.26577351,9.75378913,5.60375317
2022/06/06,6.84454430,60.33117020,60.57501205,0.35433606,51.82176977
2022/06/07,58.20406690,30.71991717,66.41323114,39.10485992,50.84834150
2022/06/08,31.22227307,15.14950949,13.89352044,27.02669327,40.67414736
2022/06/09,49.44996904,25.91878404,12.51103793,98.64975937,91.36461583
2022/06/10,46.91478386,5.28389593,50.04655755,63.05963992,27.08355386
2022/06/11,59.66228432,22.80808733,87.64059605,82.72452145,10.81324368
2022/06/12,6.40052237,46.72430007,57.50362253,17.17080085,28.08615729
2022/06/13,9.29931889,32.83415688,25.47669771,45.82168586,61.95229407
2022/06/14,20.84630857,10.91922564,95.21605626,34.60900747,24.94577974
2022/06/15,88.43161892,41.78319886,16.31654543,65.80679162,44.63431778
2022/06/16,99.22397925,39.90435230,2.69697337,6.72592399,24.21533551
2022/06/17,79.44751354,2.30512919,99.92701925,95.06792645,42.45811131
2022/06/18,21.02986201,24.81222379,21.69162887,44.60106797,7.21614917
2022/06/19,7.62103016,77.33859864,70.96059513,80.61891996,74.47186691
2022/06/20,45.68781248,93.79178133,52.07498621,26.12576734,70.29792497
2022/06/21,35.29887191,33.00011426,37.82451974,32.79715546,79.45939048
2022/06/22,81.79467592,88.15411334,51.39018921,6.10358292,25.60820083
2022/06/23,61.17378786,1.58269605,13.61337674,75.75756644,90.74781568
2022/06/24,74.50414878,98.43478536,71.05419610,17.73478758,79.18928442
2022/06/25,88.96348849,70.24814350,11.55818298,61.87143652,93.22352920
2022/06/26,84.46588267,19.03510140,0.42299545,15.41630512,86.82785919
2022/06/27,86.02575659,96.48445584,75.81586319,73.71731382,67.51232290
2022/06/28,24.93181330,23.40124844,96.32429423,16.35971943,15.01318265
2022/06/29,98.38565776,71.48989261,10.95447983,24.43141124,88.36391865
2022/06/30,99.52014192,12.88827513,42.13835294,10.29588955,36.63876957
2022/07/01,27.51490002,30.32561929,76.67062773,6.80003304,50.87086640
2022/07/02,53.35017364,90.16324283,31.83186782,92.98680646,77.72537756
2022/07/03,69.54046480,11.69965142,23.97097767,40.06956214,83.06101659
2022/07/04,36.42636623,28.34398040,44.87614453,57.02503493,39.78856467
2022/07/05,91.85744328,52.85000410,94.86466006,76.98627930,81.09182134
2022/07/06,84.58445805,82.52536876,82.49746078,53.77180904,26.96665594
2022/07/07,45.01965032,11.19791657,19.69796473,7.06774549,56.71059698
2022/07/08,94.30671671,91.24395430,44.64623583,35.46848164,49.10107892
2022/07/09,79.61594390,89.03412842,93.44865936,68.38412769,0.45927739
2022/07/10,13.41217393,79.25556765,19.95946940,12.66990459,14.96607275
2022/07/11,6.46364699,99.88557611,80.24498063,38.40376701,70.95338139
2022/07/12,82.03548156,10.92209698,3.91936362,29.05065158,21.46815711
2022/07/13,30.71877793,27.74328396,78.76176311,53.07790837,99.10738735
2022/07/14,95.19253260,92.42578835,47.86066521,93.94764257,66.64810821
2022/07/15,19.06265666,72.65501293,43.18664791,2.77945045,6.73017426
2022/07/16,9.86970580,85.26710348,58.03721448,42.52891653,90.91183789
2022/07/17,32.77486876,50.98700037,44.04110890,87.80870025,90.31156260
2022/07/18,83.78453854,27.27227268,25.62321562,3.51357776,35.76060248
2022/07/19,78.54825945,58.40443395,29.85992946,30.84326177,51.16977689
2022/07/20,3.25563720,4.62672469,58.50460372,72.30434998,34.17316931
2022/07/21,12.33733928,7.76054507,25.21428363,95.69257255,20.92958833
2022/07/22,84.77272486,4.03233688,11.31820913,58.26876780,2.00441343
2022/07/23,89.31108837,10.30806759,96.05108142,2.96187948,64.54964911
2022/07/24,72.40526496,33.27450282,72.52417343,42.49652797,27.24547856
2022/07/25,81.16675854,38.82627882,82.17107265,96.56287913,99.30181209
2022/07/26,22.84855658,74.64671073,20.31289038,37.19647689,53.53798138
2022/07/27,48.28854628,74.26323549,82.88727029,34.60536772,73.10419907
2022/07/28,49.43780640,58.93092367,7.79010896,10.93645668,92.24430305
2022/07/29,76.84699259,68.47420156,53.77277938,75.58181080,55.59547244
2022/07/30,8.85619080,62.05114525,31.01637306,21.73835677,18.93180851
2022/07/31,47.78937355,94.99305242,4.65859975,9.92035112,29.60278433
2022/08/01,46.39782004,8.48144426,91.13323140,69.58264165,84.14264389
2022/08/02,28.23576839,36.93043641,70.11449270,92.34633046,29.29003986
2022/08/03,88.90488029,79.46986693,82.75666890,49.66240682,80.21773467
2022/08/04,2.97350029,7.42131046,84.48130788,73.54808859,98.90518935
2022/08/05,97.05355352,83.50188836,42.13254053,68.02758421,53.53121251
2022/08/06,97.27353700,84.75536360,72.21495736,55.26323738,30.08950473
2022/08/07,50.59938500,64.24747553,2.93038614,7.31162804,68.46864601
2022/08/08,85.59196508,15.82418474,6.55721642,91.89623911,38.16276966
2022/08/09,98.60033470,98.05606509,0.79627059,63.44567645,35.91369758
2022/08/10,47.67341963,4.73434551,22.70237525,98.85657063,23.57887728
2022/08/11,72.37321977,83.75129133,1.64440374,46.12109131,18.48611003
2022/08/12,35.63878548,9.85103631,93.17448739,48.00212363,71.76880024
2022/08/13,76.50090144,60.86579410,26.18716578,47.22513809,30.36808714
2022/08/14,73.40924313,83.74963343,18.34518169,22.86902925,51.97278116
2022/08/15,13.98271138,49.16385557,20.26903788,62.30839472,78.29153289
2022/08/16,6.92189822,96.20702723,53.36201564,37.24519968,37.48041851
2022/08/17,56.54612487,13.71550019,3.35283309,87.78925024,12.17775514
2022/08/18,17.41144126,92.49212158,77.73507878,46.93891382,41.05402669
2022/08/19,47.26528530,54.62201324,89.18843285,1.99191224,89.33685709
2022/08/20,12.94350434,28.90879579,38.02204911,9.29514153,17.69880537
2022/08/21,73.51196858,16.28842692,15.31630463,30.59190481,8.19803319
2022/08/22,79.15136788,3.10891627,52.97337770,64.86916263,37.72540019
2022/08/23,68.71693406,5.94938088,50.79680547,39.38297125,40.43652712
2022/08/24,67.33822982,70.08912010,29.15601502,3.53933023,1.57166859
2022/08/25,19.46081285,60.06585345,22.30022750,74.11727405,60.47915604
2022/08/26,19.37976806,32.27744919,27.12244362,84.65840098,74.81218698
2022/08/27,51.88664379,71.40991664,35.06827749,72.44363456,62.03495525
2022/08/28,36.95596082,53.84245657,67.66576547,57.92875991,67.13222289
2022/08/29,66.63275328,11.18357579,50.19885606,52.22457452,28.77806651
2022/08/30,24.34818264,69.56442978,83.68099428,44.77943337,70.43695692
2022/08/31,47.72824727,80.68603976,14.41848052,10.56313692,76.95297450
2022/09/01,83.06735780,5.51858047,14.30868900,16.23801575,51.51138807
2022/09/02,59.76164084,49.64244624,90.04102388,79.34908533,55.08246541
2022/09/03,37.99941688,35.18050609,57.81024619,61.71281717,77.51761777
2022/09/04,43.40467006,6.37248945,61.38924905,83.18078297,18.07041655
2022/09/05,37.08801228,42.31730524,34.92405532,47.67766898,41.69782524
2022/09/06,59.16258351,58.98184037,31.88529280,79.08732032,57.93937689
2022/09/07,23.34000537,32.94338840,64.80990780,47.52826179,44.49917035
2022/09/08,61.08683721,46.71684032,35.66314500,6.66301953,8.29810086
2022/09/09,74.54215717,65.19078864,61.21987518,31.11284450,6.44022552
2022/09/10,10.24402952,68.50613684,47.71483626,22.46137030,70.55366062
2022/09/11,46.51059085,92.47966003,44.46013424,3.11290983,23.94469284
2022/09/12,24.93539051,91.50585491,45.59033378,5.14794917,83.32896145
2022/09/13,27.49854264,26.81350745,58.97500567,19.49197028,67.47092699
2022/09/14,87.02185724,0.42916036,39.57174404,38.02017998,23.98063920
2022/09/15,90.02272046,37.09933994,60.24998172,76.04291227,47.80496209
2022/09/16,45.01888266,17.56858961,62.02817734,98.54388787,73.99121414
2022/09/17,60.58343763,23.24295668,50.17038003,17.77874745,93.47723071
2022/09/18,85.02252382,52.00150740,35.47842312,15.66665710,7.36235249
2022/09/19,61.93189704,75.95278461,4.43902040,86.81830758,21.63105497
2022/09/20,95.16254487,98.95922716,95.75322112,95.95970111,19.33687199
2022/09/21,68.25471481,14.55449866,19.10284105,67.73136063,41.96028207
2022/09/22,13.47215901,96.68309598,16.82072991,77.38498731,39.10909240
2022/09/23,24.92961386,85.66902699,58.06960722,11.60835936,86.27297382
2022/09/24,65.10922273,18.58220125,96.56495810,55.43747915,92.64731075
2022/09/25,79.39768343,67.81981839,47.24401521,88.06261459,10.69631849
2022/09/26,37.67249231,87.61537712,46.56670936,26.04116568,66.36396250
2022/09/27,28.71625202,83.24204190,87.78577627,24.91759801,57.18175194
2022/09/28,82.69346879,46.39383777,49.81661263,91.60980466,14.53726729
2022/09/29,65.75281936,82.93921230,29.11338144,74.12325912,56.41101918
2022/09/30,68.28316450,6.90805776,9.08086418,53.07492505,77.80989235
2022/10/01,1.63017264,21.94642811,59.13201776,88.85443426,59.05175414
2022/10/02,34.63944721,59.90218294,58.09706611,48.25269684,78.69990422
2022/10/03,86.12745396,46.59016241,11.51031461,41.44813034,19.48588041
2022/10/04,9.33490042,84.77593889,82.05160542,39.44023657,22.53506524
2022/10/05,13.61621327,29.61288405,60.45707409,16.48948301,62.75675163
2022/10/06,79.78579246,8.18122560,70.62454027,20.41412028,91.65317287
2022/10/07,20.67097504,75.23925695,15.01976264,75.97316269,55.32213847
2022/10/08,10.39960416,49.64930775,72.81839878,93.58771422,9.31741674
2022/10/09,78.42969224,99.50865461,37.07301606,59.96392251,85.49265777
2022/10/10,24.70961782,71.56629378,5.18966524,57.91680243,31.63099480
2022/10/11,82.16692261,32.94030333,0.89166624,21.71010205,68.02207336
2022/10/12,42.78302283,8.31308735,87.74395018,63.69999574,42.21403640
2022/10/13,8.84852569,63.81591673,63.14841032,34.15680383,87.98179446
2022/10/14,90.70462330,45.58893951,52.29990401,39.10130732,83.70314917
2022/10/15,62.95950948,96.39409618,56.73294015,51.30527459,80.49539702
2022/10/16,12.58718609,2.11547594,88.38553196,41.28917529,69.06654571
2022/10/17,0.71225225,47.96098555,62.08221088,33.14479555,78.87125880
2022/10/18,2.80208098,81.89633823,29.49404216,5.02814952,70.18964674
2022/10/19,42.52533421,34.52179991,55.58455237,85.46689973,7.36511914
2022/10/20,93.73491274,5.79661382,78.14104778,85.27515520,95.99885581
2022/10/21,76.90562037,92.25705114,63.96446731,92.24952433,13.43912930
2022/10/22,83.63467471,32.59468646,45.33230832,63.24780883,49.18236148
2022/10/23,86.63989727,89.51632236,20.87200878,62.98786029,87.16505703
2022/10/24,20.09440108,37.36236247,60.18883529,47.79916532,37.13271981
2022/10/25,98.68805235,6.92923847,23.23711797,29.94458875,44.31188618
2022/10/26,79.53074371,69.96882937,9.09117739,18.99163733,29.68062562
2022/10/27,12.18452992,2.90466377,59.61587952,62.08514757,53.30314750
2022/10/28,57.15943339,29.15323844,46.61523093,50.85188487,49.20926128
2022/10/29,64.46950441,98.24752089,47.47691353,22.47040463,27.62025323
2022/10/30,12.59426687,98.81406374,34.32630271,66.35939473,2.37776585
2022/10/31,26.05380899,34.09468166,31.66097258,87.01882291,75.98519667
2022/11/01,72.21745573,78.20074734,77.82812826,49.88279400,68.46260010
2022/11/02,31.99926100,77.57543283,56.39592514,27.57961023,39.46898606
2022/11/03,84.98889851,39.13643339,7.88681744,24.85906996,80.77775351
2022/11/04,41.45935824,33.19565218,76.64017260,87.73841084,60.92533653
2022/11/05,15.18246826,1.84858811,41.69369403,20.92280619,6.14445900
2022/11/06,63.81948412,93.23660456,5.66131722,53.61980570,26.83689718
2022/11/07,81.59587835,46.67200488,50.78416494,82.53573711,97.84971124
2022/11/08,84.75827512,5.26399809,94.82516118,20.53224794,40.92728948
2022/11/09,13.23987124,14.19378418,18.41173118,8.33155472,43.50735824
2022/11/10,17.21696495,83.09194915,40.91714155,65.89754160,0.70219889
2022/11/11,25.87277047,17.03487832,2.24242135,36.80653757,7.89465837
2022/11/12,1.47986021,84.97148762,92.80811290,0.83688729,11.36441824
2022/11/13,61.58696150,4.97386560,39.48018632,85.35342651,30.09725193
2022/11/14,84.87358395,88.83228975,78.94758115,71.91900077,51.40182436
2022/11/15,31.77469253,5.13663772,61.08462055,80.16769023,43.56443239
2022/11/16,0.59684875,38.70145212,69.55539732,46.67922463,10.48674490
2022/11/17,80.02683961,36.47087585,83.79872886,74.55961823,64.65321640
2022/11/18,37.52319430,19.07073665,36.77978863,95.70275781,7.91214762
2022/11/19,86.22055677,46.66986191,92.55871756,61.63364518,50.19482398
2022/11/20,95.21819755,0.70573761,11.92798492,29.29902588,38.01060257
2022/11/21,95.57985691,45.24105447,43.69133709,44.61257031,8.18524797
2022/11/22,48.94491665,67.82560946,94.98958717,57.38110979,92.58489107
2022/11/23,78.04475180,9.41588780,86.64688004,80.16252277,80.29356309
2022/11/24,14.54005878,10.33561769,53.82678754,60.67054103,89.01122334
2022/11/25,29.36051913,34.35430074,7.47688509,76.47071019,35.04172685
2022/11/26,11.60614361,82.03891476,1.10192471,23.71310490,93.76406603
2022/11/27,60.50119675,40.31017995,31.05603954,3.74185605,32.41585806
2022/11/28,35.33640324,9.88541919,82.57638989,45.12402090,98.06370744
2022/11/29,59.62306393,5.36643074,59.87936027,28.27380789,98.93663629
2022/11/30,39.44627449,71.58698056,3.75669490,54.19549215,30.73373972
2022/12/01,97.73030688,67.42514442,71.07384277,86.54736012,88.60675650
2022/12/02,87.07734062,63.78938085,49.76848499,53.61983526,34.34500275
2022/12/03,67.99782342,83.56383335,47.69359088,49.79538560,78.13863303
2022/12/04,27.79000905,26.33816671,83.37172804,63.52958838,58.67459706
2022/12/05,40.81881382,22.32013856,49.78348383,84.66023943,1.21485235
2022/12/06,48.36056988,25.65970772,54.73876211,36.78280792,61.66024087
2022/12/07,42.61330033,92.61946740,7.91405678,43.57387822,13.83949368
2022/12/08,55.46848757,68.05498897,47.96496258,56.22925972,34.23223135
2022/12/09,66.62467374,18.52888891,44.09122125,81.57526873,81.16304394
2022/12/10,33.23158733,1.01402304,58.67683738,7.36174967,85.44956801
2022/12/11,30.24871952,34.87541195,81.37417827,2.23574711,45.15448812
2022/12/12,97.00873220,69.36563711,50.66651762,20.85274644,76.55006660
2022/12/13,66.42812105,49.77665415,44.03073622,1.23633675,91.32311358
2022/12/14,70.92430580,23.07397827,58.40674945,48.42789645,60.82206420
2022/12/15,60.78604908,73.03813228,46.64204147,70.82337319,13.87184265
2022/12/16,42.78755715,33.52554351,79.45020181,51.54528633,18.03639499
2022/12/17,41.81061210,90.44303341,92.90550927,34.24242729,25.59595777
2022/12/18,93.00743919,53.78929857,35.44528757,80.52147114,41.74650878
2022/12/19,61.48187898,32.11804738,40.73194607,68.88155233,1.52727669
2022/12/20,78.95915523,50.63315758,29.71010079,67.66584579,10.12666148
2022/12/21,24.21365215,46.28445469,96.46224416,31.70794046,54.34282335
2022/12/22,52.12249564,76.49373597,5.92255141,7.38277039,3.00012578
2022/12/23,31.10830039,92.56888383,9.91218436,2.68272559,20.30084588
2022/12/24,93.49061557,72.95161317,90.58323238,34.88448630,19.08462574
2022/12/25,29.84625081,16.96833687,79.64152370,60.44605099,98.27191421
2022/12/26,50.79959810,59.01613277,52.75165042,40.64718799,40.96677148
2022/12/27,88.73447711,96.75340006,80.41140737,66.00236494,63.03768050
2022/12/28,68.88984694,87.74320211,41.81556488,1.88302394,23.83976911
2022/12/29,79.54219004,44.22262380,83.07723479,79.96020323,49.67978115
2022/12/30,50.21290332,10.04924855,32.71041601,0.19494327,55.87752498
2022/12/31,53.48459601,65.08382306,15.68687084,12.39802683,38.68023297
2023/01/01,83.48509598,71.05763469,87.95908387,26.83890602,29.85167228
2023/01/02,76.68213488,81.00586841,49.18990082,46.59298111,8.14746139
2023/01/03,21.30688326,19.24359638,74.74239504,38.36727059,90.23580479
2023/01/04,5.24950337,10.73295814,39.86196746,2.05466470,58.10817976
2023/01/05,95.96188607,58.00830893,8.94228646,2.74885709,31.25036258
2023/01/06,71.82100921,45.64593825,78.92965240,54.92642744,36.56809304
2023/01/07,21.79336438,81.58940449,87.32153682,62.42907296,98.05853108
2023/01/08,15.19679453,38.35161133,13.19944132,48.91160823,78.12458177
2023/01/09,27.25736900,45.58320304,81.95844376,36.07322842,11.41263137
2023/01/10,32.79419505,63.80398341,41.96702433,67.12560982,10.67268088
2023/01/11,47.44768609,71.04844974,57.25523721,78.21234463,79.76397277
2023/01/12,39.26894475,14.86934586,19.92215494,46.32982189,49.91683561
2023/01/13,70.77687491,82.68780086,92.84832143,79.59226488,62.60918844
2023/01/14,48.56965105,11.48142090,35.33676299,43.26281557,37.98588345
2023/01/15,3.01701858,74.48570692,19.67847520,54.19498056,45.40730247
2023/01/16,8.54138927,41.73261962,58.64366112,54.82661759,42.59688366
2023/01/17,93.50155072,53.82823370,16.85795602,64.43587061,43.76360178
2023/01/18,31.10256441,88.32433104,0.08009575,70.63330890,25.28220143
2023/01/19,72.89148926,84.23480522,42.64355920,50.23251605,3.66920232
2023/01/20,44.20149381,10.39960857,9.51583598,13.76115282,49.21915436
2023/01/21,76.54616180,27.42438293,32.20161312,59.03988051,45.51060527
2023/01/22,81.06561894,5.06982860,88.50263478,23.15382487,76.80948716
2023/01/23,97.90815549,91.51667463,70.66318227,38.58845263,1.03925333
2023/01/24,70.12048806,18.29552087,52.00937367,27.34535261,39.21165585
2023/01/25,39.76930128,91.79753957,13.20403329,91.92007075,34.77683034
2023/01/26,44.31749206,98.00892782,13.09419263,53.21395638,38.13660653
2023/01/27,26.69392850,52.13680292,19.35987686,60.25523958,82.73175113
2023/01/28,34.11827212,62.86146515,15.18507177,27.38808883,2.33749262
2023/01/29,90.41084233,37.33744935,1.20366397,75.24886142,29.08856746
2023/01/30,81.22223408,46.46134928,1.31749326,44.56851797,98.66231965
2023/01/31,82.04047546,85.77986465,22.60148822,12.67224678,68.63904835
2023/02/01,60.32879300,78.56700731,51.92335670,12.62577334,33.74236984
2023/02/02,29.12129096,75.21637968,5.54035061,73.34798948,8.45097862
2023/02/03,6.17092432,78.86261805,82.49694040,29.51444708,95.29782234
2023/02/04,80.95160359,74.98633940,77.54881601,70.19196513,63.19649239
2023/02/05,17.76595600,38.13429957,66.47211276,57.36244060,94.71580533
2023/02/06,74.84582718,40.02991658,55.59915922,0.72211483,72.47725807
2023/02/07,29.98416479,52.99464034,18.31084945,86.05921594,25.58972234
2023/02/08,87.47753997,38.24064905,92.40888614,73.40279414,68.37604756
2023/02/09,39.29575195,22.70336173,98.28445054,58.05411409,12.41643129
2023/02/10,14.85673532,23.39304546,31.69041347,87.83106778,54.55324703
2023/02/11,98.82180548,45.62540452,57.46408457,4.83242082,29.32487519
2023/02/12,58.44365199,33.57314458,18.03170451,71.27566546,69.88797361
2023/02/13,10.76977428,74.83898766,51.00962553,72.61664093,51.49408802
2023/02/14,74.48746318,8.12955766,11.84253082,35.42222464,90.19267593
2023/02/15,3.10685495,57.14239055,60.09248281,22.70873429,40.88515220
2023/02/16,53.90930580,53.99395110,66.43682903,41.91996891,4.77547859
2023/02/17,78.74763332,13.07609709,71.74761328,43.94368235,88.19344534
2023/02/18,38.43019480,30.78433123,50.32524591,42.17196212,72.46389108
2023/02/19,16.59029714,36.70509532,70.80741788,88.59833563,12.39182636
2023/02/20,10.14587496,37.86261785,6.05048044,21.00035489,76.45961078
2023/02/21,57.00025254,30.70132790,32.67569548,47.82868780,56.21788120
2023/02/22,27.49643980,54.10312943,84.16232343,41.93418590,53.52089604
2023/02/23,28.66413798,75.21404258,7.99476954,93.21316453,79.06318255
2023/02/24,54.02742168,30.82569342,80.99707667,55.82090916,6.99863106
2023/02/25,42.25715254,8.33371555,93.59662536,44.31637447,64.97572970
2023/02/26,80.25356125,67.04404548,22.31005661,50.64991481,43.74182720
2023/02/27,38.13903422,55.04799897,43.26120008,55.15799883,48.99254286
2023/02/28,29.55142354,99.61294388,68.64811925,21.42963646,1.33346044
2023/03/01,61.14911121,93.31825859,98.20516825,77.28905246,44.15986762
2023/03/02,32.75554710,4.60879749,56.64196769,1.34943498,64.87715941
2023/03/03,11.57650192,28.80150055,83.60213741,73.71624853,22.10799590
2023/03/04,90.98392002,81.86271856,15.58303703,37.72464110,12.47196464
2023/03/05,34.91639603,35.89827824,93.19358300,21.37866540,29.94321097
2023/03/06,0.77326692,64.96095987,48.14700532,47.63596671,41.77733743
2023/03/07,59.87404217,1.25112985,99.69345266,46.80457167,64.68101557
2023/03/08,33.31717553,87.73773854,42.69666214,29.22008252,23.80161528
2023/03/09,88.50556342,86.58765470,26.80433884,48.08704621,4.43684266
2023/03/10,41.07556098,62.16673353,74.83752935,62.32479442,4.17410502
2023/03/11,27.49306055,52.79981966,72.25022204,64.24110515,55.82874214
2023/03/12,1.17219517,33.09463187,46.70220228,89.43016740,7.18209978
2023/03/13,55.97716776,71.60874517,98.28271042,89.89651659,14.84181267
2023/03/14,5.66390305,85.18496580,98.95945497,29.84249107,57.60700794
2023/03/15,73.37179536,99.54397211,41.45590905,64.86618427,65.19258003
2023/03/16,6.84549990,21.55686855,67.00586323,47.56437260,33.54275772
2023/03/17,35.08421407,6.41885414,25.40021334,6.09848450,7.28364614
2023/03/18,22.79065940,34.18879690,11.84579354,93.89353359,96.82375008
2023/03/19,97.04486877,69.31414594,6.87578249,52.79873971,68.78981543
2023/03/20,20.01867611,28.83622482,83.20355190,69.04021541,48.07634396
2023/03/21,55.74876599,70.27138468,55.12357357,85.93155613,86.16645241
2023/03/22,33.87637202,82.80628347,65.50588086,92.62214307,56.90223175
2023/03/23,18.08763684,17.03443442,3.08428453,9.01590335,53.58326131
2023/03/24,66.06107290,81.63335143,53.63416948,89.96816088,53.47166013
2023/03/25,56.20240900,21.34815780,92.92784395,59.01540411,17.20757299
2023/03/26,80.74412738,19.99256299,2.58000481,83.62075037,99.22176466
2023/03/27,38.09767661,13.91095179,9.42842848,38.45408079,36.55214465
2023/03/28,42.65093897,29.95056808,26.32358176,95.63156928,83.14488807
2023/03/29,76.22662910,46.49789924,94.44920205,47.31526563,69.56089014
2023/03/30,43.88141023,64.85699857,58.07967666,0.84053220,74.13024792
2023/03/31,54.55449154,67.90592548,75.34071474,88.84274469,42.98840420
2023/04/01,23.65408064,86.57110340,42.67926211,16.83384624,22.63975774
2023/04/02,37.45634518,84.05651859,34.84150699,3.59716268,84.51827644
2023/04/03,3.44849977,47.89853586,38.21393055,83.30688779,79.36419141
2023/04/04,98.65366717,27.06636649,43.29413654,27.83925710,51.53478944
2023/04/05,77.96022884,77.81379430,46.56605353,19.63044850,86.34196037
2023/04/06,58.72885484,5.15840819,88.87564019,58.87241154,61.90613557
2023/04/07,4.99209286,81.41692522,15.09732018,24.75190990,9.51675403
2023/04/08,37.20283580,6.36210922,18.30589221,57.09270433,95.92229966
2023/04/09,79.60671451,16.36306496,77.95622689,45.82637740,64.09698564
2023/04/10,21.52210434,60.55394896,33.33307827,57.03676053,61.00911528
2023/04/11,64.04072549,45.98566788,28.40896010,94.08770289,5.87837720
2023/04/12,81.17718979,98.78114115,1.72775661,82.54045101,87.47121582
2023/04/13,36.47760652,45.32074289,1.09329253,56.38602086,71.44461453
2023/04/14,95.96179410,59.16064922,13.12376675,33.15326866,8.31825823
2023/04/15,41.99287919,52.15078201,99.65433414,86.55921138,96.10962449
2023/04/16,57.39871638,62.64181770,88.27725737,97.44306003,90.16849627
2023/04/17,51.95583006,61.00106584,81.85362660,33.57643372,91.18583855
2023/04/18,95.62022662,53.86799650,60.46175465,29.49333899,95.78441334
2023/04/19,46.19746953,74.84237304,77.64434695,90.90447606,84.55391151
2023/04/20,97.23778842,8.48224127,89.55152110,11.15055880,94.40466431
2023/04/21,62.41717015,91.78401896,10.01142140,30.59408107,48.72923171
2023/04/22,25.63303978,79.60766913,56.68406167,71.23395493,40.01547544
2023/04/23,54.18025730,65.75173890,43.28461207,92.84502986,36.04242787
2023/04/24,70.95535871,52.48883789,60.88922877,51.36930458,91.06890961
2023/04/25,93.44433828,40.25926913,49.00023985,33.59447632,12.45023665
2023/04/26,80.86594458,20.39451956,82.52421191,98.49326693,7.95439706
2023/04/27,26.21272732,21.91508918,88.40095808,9.29181846,58.83210034
2023/04/28,84.63542141,44.61145973,31.21978121,82.48153259,22.07980014
2023/04/29,10.90431078,67.69240811,41.86223692,83.60996558,89.29648157
2023/04/30,87.89965870,1.88836264,71.99523784,96.03029028,58.27063829
2023/05/01,36.68568475,93.85832680,22.72238877,86.53402125,26.25164583
2023/05/02,11.97610896,79.29121585,58.97408669,61.70186876,74.66210046
2023/05/03,95.63446331,41.02246604,63.05851636,64.43558645,79.16925093
2023/05/04,13.44877565,93.37641771,42.92496129,38.78814049,54.39727419
2023/05/05,3.99091324,83.07417227,76.68817355,38.58344408,64.62482542
2023/05/06,15.55459845,85.59001764,81.39188006,93.87739206,2.62545781
2023/05/07,38.45654131,71.76700492,74.82448177,73.99891598,75.47440580
2023/05/08,87.25358211,72.31118617,0.73178565,0.51361445,35.66120182
2023/05/09,59.14606009,13.52334280,86.97277871,20.19238760,60.94466391
2023/05/10,14.48663380,20.28910613,53.35072603,81.17307505,13.72746691
2023/05/11,15.77657699,74.42912261,54.71667113,44.94055034,36.81910552
2023/05/12,19.46811453,67.65750965,53.20540272,66.62677387,10.56463674
2023/05/13,59.23585261,29.91601696,63.47898144,7.67824492,19.17892306
2023/05/14,84.88341871,2.07736758,72.23619410,28.20788028,95.50740559
2023/05/15,54.89213646,58.80806924,72.41564472,6.17202143,61.42313898
2023/05/16,2.30198432,97.17227502,40.26966774,26.55030192,70.97027534
2023/05/17,76.01400792,89.58227197,79.08484283,0.95324887,97.26384737
2023/05/18,61.87565592,6.04574607,79.64104110,85.69656227,16.16511719
2023/05/19,45.36436272,39.51624473,50.60829682,28.56280912,25.52659364
2023/05/20,17.98930853,42.36029315,10.04047760,19.90327167,92.31992204
2023/05/21,65.59044169,98.20874324,70.28328911,16.80072644,73.71402677
2023/05/22,8.94193846,65.62411175,26.76268613,71.82987819,46.67542654
2023/05/23,48.14064113,41.32563853,81.17991051,7.31685889,76.38832436
2023/05/24,28.63320661,37.00524713,16.02940501,25.31025818,33.81365223
2023/05/25,34.52265418,15.86234812,67.74913404,45.39964953,4.74396804
2023/05/26,94.88549291,13.06539634,63.54723649,94.56761072,5.74490817
2023/05/27,21.74674003,93.69893058,67.56843333,5.15950580,85.61344486
2023/05/28,7.99169253,82.47176968,14.92140176,61.49639605,12.03245411
2023/05/29,26.39562857,90.80576773,25.33001710,87.14870953,90.19764201
2023/05/30,18.59374928,44.02060030,25.62817786,71.62891354,21.70952873
2023/05/31,54.80536634,96.60300459,80.25909209,69.42279811,73.39171834
2023/06/01,82.94824989,17.43182367,84.20379789,43.51444355,20.26029659
2023/06/02,8.55573470,66.61837020,29.33142858,46.68415036,8.33779996
2023/06/03,39.50103550,83.18102783,75.29465305,1.77213439,77.09771617
2023/06/04,27.84019812,15.42110813,89.12242839,18.43018034,80.21826111
2023/06/05,66.01377080,26.16671442,56.27169832,46.68638698,94.77049508
2023/06/06,0.16928832,93.07029667,22.77646145,42.34869099,0.51982879
2023/06/07,44.41094690,79.08007500,36.66410680,37.55894665,63.75571247
2023/06/08,30.92080826,45.74607745,55.86479862,47.71900711,57.10038068
2023/06/09,0.21936876,35.08811407,24.22227402,0.35935086,63.03523312
2023/06/10,66.06957934,73.28046172,45.85696685,37.69564690,62.27385291
2023/06/11,65.42436682,63.32376256,8.99349623,40.59880477,3.95431188
2023/06/12,31.15493897,23.16659879,79.12235870,12.57600231,80.85107455
2023/06/13,41.52640005,83.89024346,3.79797135,91.20495180,99.78796414
2023/06/14,95.59597122,84.48801348,94.68684507,91.00620953,81.45173852
2023/06/15,12.06117220,24.62653119,97.14314236,44.65666892,77.46566775
2023/06/16,99.47871456,7.71092739,60.16136661,39.32648947,63.03376033
2023/06/17,95.73350019,37.86239192,34.59865658,69.33178990,92.54685245
2023/06/18,2.34225822,33.07749798,20.85160299,13.49347463,11.86938169
2023/06/19,0.11402245,41.76205228,88.81223096,80.99249152,30.58142615
2023/06/20,38.59528999,53.55302224,83.75310110,72.29513607,0.03066356
2023/06/21,58.20569129,34.13542206,99.12472134,12.30867359,39.01998402
2023/06/22,83.95047929,69.10228486,44.85380227,88.61982603,23.01889742
2023/06/23,46.07899010,83.94813185,23.09742330,52.84804782,40.92501641
2023/06/24,94.53428953,12.75288246,10.93977478,62.72290209,21.75822481
2023/06/25,77.32938194,37.31056945,80.37425191,52.38520236,66.63912535
2023/06/26,62.65190589,63.54139410,66.26755499,99.16921414,52.16744348
2023/06/27,81.05183933,60.23021410,56.04411236,32.62223886,2.93995612
2023/06/28,45.37677279,49.84906103,32.07536844,9.16196635,54.55973178
2023/06/29,25.74049192,5.82884134,18.42401552,81.05888754,36.24282567
2023/06/30,23.42449785,44.71808118,83.67171412,16.70495399,47.89279441
2023/07/01,4.57619637,15.66393011,2.98774265,84.69431399,86.71731600
2023/07/02,21.00075448,48.42361467,76.95606135,95.66339705,99.93561106
2023/07/03,93.99645288,23.90576425,9.80838484,17.61876507,90.36475030
2023/07/04,58.62803460,83.38993290,2.98429438,41.33341770,92.86052335
2023/07/05,78.18039404,17.37057406,31.42593552,85.50640057,91.52887288
2023/07/06,70.30401628,36.78850429,50.03385280,21.59501897,2.93705922
2023/07/07,89.87905980,58.30590998,83.78966806,21.86056599,6.94838269
2023/07/08,80.99900809,64.91873024,77.17492045,14.90918187,57.19910979
2023/07/09,39.13831963,7.57520205,29.58658313,54.72866800,0.64168106
2023/07/10,7.14050566,9.75948587,85.66314566,41.52778132,50.37077183
2023/07/11,44.15283457,85.13967359,49.33245582,54.35412491,50.89477407
2023/07/12,48.85523331,40.90662370,84.25750087,56.72982376,63.37108835
2023/07/13,91.63969724,61.84026043,75.03759480,34.51874181,66.76485027
2023/07/14,1.10488414,98.88517646,31.70923640,0.57848610,75.43370998
2023/07/15,63.73868365,66.98887589,84.97104502,0.05130690,87.67198267
2023/07/16,28.61046344,52.65137039,19.06274326,2.88005866,59.60756315
2023/07/17,21.24251075,27.91655022,84.14594721,70.60699026,9.82279910
2023/07/18,10.17205736,78.64275019,85.39224189,27.09534062,75.57049261
2023/07/19,23.98155806,4.23754809,63.04411915,25.37231969,83.98737640
2023/07/20,9.32526566,65.95837099,39.37626817,8.40875762,40.15646581
2023/07/21,75.78182158,65.76131653,86.09445988,8.79476435,55.70081836
2023/07/22,66.31738740,44.13978639,59.75696613,35.79310266,8.93735568
2023/07/23,26.29161032,22.59074189,13.13976817,10.85411463,29.28003665
2023/07/24,17.14224183,89.21940443,90.81491227,51.19132182,98.73819403
2023/07/25,76.15091272,15.80356476,27.37654369,7.75953228,58.62591698
2023/07/26,18.81697059,78.38127648,57.99717922,92.85869815,37.00483229
2023/07/27,88.83454883,13.41866411,17.84120026,66.51328519,83.75558952
2023/07/28,11.22258862,57.28809317,44.99037824,14.02506965,72.13235296
2023/07/29,25.73334548,85.13980630,89.76882740,56.18802058,18.47487103
2023/07/30,42.37995997,57.86131438,24.53123919,2.02143053,74.51241226
2023/07/31,88.79480520,23.45778226,22.72606261,1.59460205,11.32143612
2023/08/01,32.60269633,79.19451973,64.31766861,52.03753606,66.57538693
2023/08/02,27.51764676,84.37266051,57.92404048,33.60761637,65.60112421
2023/08/03,94.79056891,84.60919297,48.84003031,69.16030445,9.97667657
2023/08/04,6.72611267,86.27001704,11.37700260,15.29721243,40.48351945
2023/08/05,30.65924407,13.96029870,35.34072722,66.74614681,22.89453944
2023/08/06,70.57997209,26.17820127,95.86344894,94.67569263,57.12023690
2023/08/07,20.02377195,5.87394272,97.33169782,8.20810273,95.98622052
2023/08/08,88.25761157,45.12151308,99.43958375,79.62519349,91.17354486
2023/08/09,93.91702227,83.00471167,75.03231985,39.08793764,26.59094822
2023/08/10,23.75504754,40.21410779,0.94037946,43.63190803,71.46004195
2023/08/11,56.93120571,32.09012897,41.22296967,2.84557264,10.75986908
2023/08/12,60.58869084,20.94018052,76.01320952,36.86788242,99.90419114
2023/08/13,54.00395373,12.58515866,80.40709083,41.06080421,47.40337568
2023/08/14,99.07395112,46.00033547,24.70499208,36.14146676,58.06432374
2023/08/15,97.32156617,49.00042727,33.46523320,38.10269969,24.08872943
2023/08/16,61.27497031,99.29636394,84.98002840,22.41601730,52.20300526
2023/08/17,16.27081960,53.94528423,92.47032719,64.73361069,34.55680803
2023/08/18,0.38854218,94.03329888,3.10031786,63.01856517,0.18370692
2023/08/19,4.07076165,83.32687495,21.20330038,45.57008326,63.22611627
2023/08/20,82.11409827,92.31560155,47.88151127,61.41886644,91.67408444
2023/08/21,83.30344580,59.09471776,6.99199899,2.53689801,81.77732992
2023/08/22,57.99920879,86.29549273,32.68657361,7.38600444,81.87433625
2023/08/23,98.69008654,92.02457260,53.29670253,80.85667521,61.68298527
2023/08/24,75.78499538,92.02795057,55.52247150,66.83792070,25.23985558
2023/08/25,65.17266558,55.78741872,51.54816000,52.73945812,6.69990525
2023/08/26,52.84246471,63.71092724,37.95848920,22.26908302,78.05919964
2023/08/27,67.18813230,6.42900830,2.86443396,79.58190421,68.75746044
2023/08/28,46.57378609,60.85708505,90.98581007,96.72811280,42.59646512
2023/08/29,50.43094447,24.50627253,78.84893271,71.91871938,96.15527100
2023/08/30,88.21329734,61.77441311,5.60404312,98.28636834,2.13978448
2023/08/31,81.96796459,59.04306820,53.91131111,53.37846458,41.35930805
2023/09/01,43.28061892,33.78640559,22.64227586,35.01143568,28.56440077
2023/09/02,88.15526276,97.24420977,64.78146321,26.23071977,76.64406274
2023/09/03,61.41079406,59.28668432,73.68638496,29.56681353,55.02146076
2023/09/04,56.94835232,52.94591545,1.00145964,74.21993627,11.95214151
2023/09/05,23.89323045,38.26717951,34.68347905,67.37392586,58.54073371
2023/09/06,40.05933573,81.62880666,93.23996873,68.09981040,10.68585670
2023/09/07,63.52292795,25.33948466,85.79077356,16.25995424,43.10305696
2023/09/08,6.99334600,11.45738823,93.61607420,17.33697645,31.36328610
2023/09/09,34.13754745,32.67707940,17.65368523,14.24999568,45.62352700
2023/09/10,21.10472244,14.32307182,20.07524910,46.92937522,41.98537347
2023/09/11,1.21046242,99.56721846,65.39058422,25.76637893,41.30984798
2023/09/12,69.50490394,52.27067351,90.78242223,87.36070653,64.29103956
2023/09/13,89.35947683,67.12342336,84.03622080,69.24442209,19.40625974
2023/09/14,74.45429968,40.34602526,89.44417955,66.02909835,28.61745548
2023/09/15,13.93542935,98.87046650,4.86459913,0.94616492,12.19719971
2023/09/16,64.94711074,18.04113636,58.94954247,81.97652568,6.60471820
2023/09/17,27.13327067,47.97059251,6.05095102,54.96042764,30.54919620
2023/09/18,65.22358937,98.53627566,84.64604996,48.87525015,87.99265808
2023/09/19,62.44744288,76.23074644,47.08202176,97.97226523,15.70037487
2023/09/20,29.86616688,52.54250805,54.25892320,56.81228377,37.17941001
2023/09/21,27.90717005,42.43662872,30.74391044,96.30758413,25.69986360
2023/09/22,17.33149935,17.40770285,65.45062689,10.31009688,71.56666905
2023/09/23,21.56706880,39.79822896,16.18389161,20.77791688,63.73848558
2023/09/24,28.76882598,91.58482696,88.50591710,72.16652675,46.92384188
2023/09/25,83.99681084,26.36063759,3.76235788,0.39982560,26.84763452
2023/09/26,4.06770996,37.11638149,83.37052575,99.86765785,29.57780565
2023/09/27,38.69436600,60.82073882,37.46780959,28.15066206,27.38122380
2023/09/28,66.22613419,12.57856810,90.61649407,65.16547816,8.10013761
2023/09/29,55.45690589,83.02430245,0.14213189,97.87760956,43.18985768
2023/09/30,25.71235788,20.16149948,48.63071487,53.03096967,81.25539487
2023/10/01,43.47928834,19.73041550,8.15700229,91.42825164,54.93601557
2023/10/02,37.42194944,45.59725571,77.30674513,84.77234913,46.17757513
2023/10/03,46.65761159,13.84091377,41.67662668,39.33721547,94.51394057
2023/10/04,5.31535108,35.82852218,85.82376946,37.49016866,42.98116176
2023/10/05,99.79523525,15.57737111,39.95568710,64.98732308,8.79046547
2023/10/06,89.97497318,10.95145394,80.87076390,40.26821011,13.07432742
2023/10/07,24.76067810,34.28089322,28.81129428,65.57394986,51.77756562
2023/10/08,80.89279272,83.55918384,24.03782561,43.64956251,47.59505318
2023/10/09,56.42740671,25.89686795,8.58928492,97.67047648,80.61774133
2023/10/10,24.39028425,87.77438012,16.11492224,63.07144300,95.40462238
2023/10/11,56.71397947,9.89914750,35.80414694,82.70777586,34.48552071
2023/10/12,7.31731000,8.95385221,6.85917951,56.80057221,95.17051781
2023/10/13,61.06315728,25.25790064,43.47905894,77.13962883,85.75104840
2023/10/14,91.82982754,19.07161102,50.91194318,82.46963839,47.72247015
2023/10/15,46.00589182,18.53398689,75.66556012,62.77318476,42.10041847
2023/10/16,35.59935601,10.83626294,88.39997467,80.85453740,18.91028318
2023/10/17,15.13882651,48.43866806,77.21327842,91.39326729,17.22691287
2023/10/18,33.48801835,26.33592877,78.55543922,21.61060074,70.44610365
2023/10/19,77.30758371,8.57695282,74.02965539,22.04266170,3.64992968
2023/10/20,37.12251209,63.89435169,91.77275013,78.71916290,78.85813749
2023/10/21,27.62117456,57.92559110,11.11087839,43.83029696,11.18292407
2023/10/22,27.67597907,41.93544448,78.88150320,58.76107283,69.45372668
2023/10/23,97.86477624,45.04985676,30.20737945,8.51796279,33.14954442
2023/10/24,46.30688637,86.21780917,94.02591832,13.59212203,93.82713655
2023/10/25,51.71525388,84.12714195,84.77688522,19.47635514,92.60693637
2023/10/26,83.99239678,55.89597562,43.60351245,34.90377332,84.82585463
2023/10/27,95.92803104,37.75258836,8.73765598,27.04556944,43.87384159
2023/10/28,2.90988920,28.76770274,26.99927562,38.79868951,30.48483172
2023/10/29,13.85187548,48.05321410,40.81259233,74.21617076,11.05543906
2023/10/30,35.84659048,95.54385018,92.80688166,87.06814803,4.31789304
2023/10/31,16.53435258,85.91676857,47.64414707,72.86492620,78.95209288
2023/11/01,8.05942432,16.15605947,4.30849439,91.48464886,64.38750429
2023/11/02,1.52008554,12.46571880,73.43285730,64.78336195,55.71594871
2023/11/03,43.76432544,31.40056999,53.88456842,35.61468628,74.60664939
2023/11/04,64.87041637,72.81987687,56.72777706,65.28052849,62.70235824
2023/11/05,42.33949105,57.63778469,15.20267579,3.87310047,83.25637423
2023/11/06,16.38284955,71.18237331,97.41802295,27.59710868,20.44632895
2023/11/07,58.34616106,4.78525600,13.34141647,42.35105627,64.33578150
2023/11/08,31.86462171,11.63061465,39.92134917,30.29746700,62.22417833
2023/11/09,97.49457405,22.21334042,93.49992726,85.50948521,84.88856666
2023/11/10,59.64732037,26.04742801,93.67482358,75.26017547,91.72961338
2023/11/11,93.11743663,27.44851315,89.85618334,20.96363403,67.79733469
2023/11/12,16.13788191,81.19023424,95.10353010,13.86902786,26.19681479
2023/11/13,4.63614507,2.77928651,57.49243932,15.69574773,56.60001191
2023/11/14,78.08781188,11.26245641,71.58445300,85.68650283,23.08965013
2023/11/15,6.70757417,56.74788899,10.24869886,32.34532450,52.91165648
2023/11/16,75.57649049,76.84000132,17.68956079,16.04683082,1.14898266
2023/11/17,69.95673722,86.78266100,19.89625051,65.47996570,76.63075523
2023/11/18,47.65159203,98.01504569,26.76422773,75.08909573,89.17868422
2023/11/19,72.83494239,16.74173525,13.73202244,67.47778858,50.68428642
2023/11/20,45.21450586,0.54764299,39.30046436,90.59011645,3.32769184
2023/11/21,44.64573833,61.52397657,35.70038773,71.65143828,63.54940946
2023/11/22,48.28806025,25.45807315,66.32315337,91.72952016,86.35455426
2023/11/23,2.10541637,78.25736503,95.97563608,29.07052890,0.80346982
2023/11/24,96.48220701,52.23220788,83.00946410,55.92274045,35.77044415
2023/11/25,65.90964452,97.37323089,57.16588754,55.77149673,81.93791265
2023/11/26,99.79647472,70.04874011,37.20539098,23.23493288,56.33294061
2023/11/27,89.02406057,58.25824998,81.13341734,51.84678072,40.37442458
2023/11/28,0.71534377,8.69266895,62.33599558,97.49391738,78.54685108
2023/11/29,4.03895085,91.29806233,41.64644464,15.09362012,41.22467914
2023/11/30,67.61425940,67.94824019,89.89356522,41.68435424,48.18640333
2023/12/01,44.47098900,19.93079178,47.22878647,3.85599750,49.59258851
2023/12/02,61.96527755,93.45222542,39.37475207,71.61536295,35.65006491
2023/12/03,16.39488439,62.52979191,14.17585839,64.79029840,52.56650947
2023/12/04,70.37981097,38.92822960,12.80134496,62.81803135,28.69806947
2023/12/05,64.35274898,88.17702388,95.03047496,60.66433605,8.99186128
2023/12/06,77.26757056,48.62311940,65.52010357,92.80958308,69.07496849
2023/12/07,11.84215340,60.25566322,55.44804392,75.36973714,55.98048216
2023/12/08,45.56872626,46.54941009,98.44365372,42.97346022,23.64223120
2023/12/09,23.05249040,29.04667653,83.85741662,99.74241416,32.54911474
2023/12/10,85.53006625,19.54466356,11.96452088,48.53966902,63.52155985
2023/12/11,60.71328645,43.92447234,70.71100113,69.82304946,4.66107099
2023/12/12,54.99224128,96.20269684,73.69516548,93.06118479,71.36102724
2023/12/13,83.66990074,49.78623017,43.96846193,2.96515835,26.66399182
2023/12/14,29.41563166,35.21977929,33.23409774,12.20914718,19.56525808
2023/12/15,44.26402835,98.65236908,96.81523828,51.76956927,65.88327100
2023/12/16,65.02794495,87.62773113,34.11118648,64.83071905,32.14857822
2023/12/17,17.74547198,23.30655792,96.39603898,49.83540246,8.78774146
2023/12/18,49.85499700,3.90142401,81.91599168,76.42444543,44.80110050
2023/12/19,39.67983355,19.41251052,60.51948755,57.33256175,87.46250891
2023/12/20,42.66130790,59.39899308,79.11936664,33.16443481,0.71615770
2023/12/21,42.44410167,91.75346294,19.01342382,37.46961268,33.33524714
2023/12/22,54.88681176,92.50896396,55.41508025,45.72963461,18.71914836
2023/12/23,6.55227569,7.15479849,83.66203853,45.78861587,70.10752008
2023/12/24,27.95849334,69.37986520,34.70591150,68.25870153,81.32320393
2023/12/25,15.26656787,93.59677750,64.37064981,60.51810411,22.93480594
2023/12/26,44.50419711,44.04602822,7.26882854,87.29175246,38.75396745
2023/12/27,38.54968036,9.40278205,77.01945495,36.57585748,10.27228087
2023/12/28,38.04785600,59.06054210,50.90269953,22.56595591,75.96560923
2023/12/29,17.55693097,98.06700215,28.90236481,9.42678788,44.01427220
2023/12/30,57.44025491,85.30014355,69.51314932,94.23202263,61.80873281
2023/12/31,53.12872289,14.80978611,72.59293559,14.92532759,57.03604873
2024/01/01,49.16105299,91.33362886,54.18942245,15.95085276,36.80948700
2024/01/02,77.94610281,93.03522043,63.57470288,14.53763495,21.40948185
2024/01/03,25.72680074,21.60380357,36.29290236,9.42585585,1.97670728
2024/01/04,56.37683801,59.71283659,10.99845549,11.83125348,35.58502733
2024/01/05,76.65282700,80.23660577,3.39934109,17.99221863,30.82280801
2024/01/06,74.72531837,2.06945380,96.54855504,94.79433450,63.94065899
2024/01/07,35.54143583,56.28003015,31.61263417,43.82656901,54.72403140
2024/01/08,99.43522283,38.41297890,94.91554613,99.55883099,43.91239804
2024/01/09,77.44172202,5.08187153,3.08105387,89.86365184,65.22178065
2024/01/10,73.46163417,53.27993160,35.60549061,84.92350814,86.85589401
2024/01/11,98.20572090,28.93877125,73.12633555,70.47451184,24.16876334
2024/01/12,10.58048552,29.77366988,11.26095970,19.22241418,5.53366723
2024/01/13,36.63720518,44.02561671,4.11803005,62.89990461,38.11519019
2024/01/14,98.99023909,17.28755950,87.11867953,71.02235040,56.44868456
2024/01/15,90.69275813,29.27866753,38.72297814,21.62543942,90.25188195
2024/01/16,43.34940729,75.71538355,73.72105019,3.06723134,8.03819463
2024/01/17,68.94726480,99.70471460,65.25400784,31.39924306,62.98567734
2024/01/18,15.61781440,63.84341317,54.24193542,36.82696509,55.23303361
2024/01/19,64.78342483,20.47198095,14.28844082,60.41169512,52.03656267
2024/01/20,70.83070375,36.75472634,92.18390591,47.51244215,46.35849257
2024/01/21,29.52142357,7.04518502,48.15405173,45.93197676,16.24826673
2024/01/22,14.21937578,67.37216280,12.32054836,29.04520913,31.00805810
2024/01/23,32.86033306,6.43103475,59.73011531,5.40750934,49.82205652
2024/01/24,2.60127919,42.96262882,62.70603373,53.37562255,18.04555883
2024/01/25,73.81474324,89.77624865,93.54737830,2.21072183,33.73380348
2024/01/26,93.09227131,16.01142443,3.50254289,60.33635219,87.33538531
2024/01/27,35.32663966,4.60904334,80.05852382,20.27461180,96.91041016
2024/01/28,41.07790275,36.59748514,68.70618620,94.76533348,75.78090985
2024/01/29,69.81378009,57.38473544,38.50874593,80.15970089,53.02509270
2024/01/30,41.39732330,77.78167008,3.76164028,58.85257088,51.67112887
2024/01/31,78.35802688,0.91707032,72.62748848,64.28986858,10.73040348
2024/02/01,15.95115509,93.01733207,23.85712474,44.23975166,75.99321160
2024/02/02,21.12516096,90.98430137,31.39106315,93.54573427,60.62271734
2024/02/03,29.91508460,26.22728936,34.45928520,6.68432779,74.79378079
2024/02/04,0.01149561,67.20426541,63.35015076,93.38896995,29.51293849
2024/02/05,13.28698596,57.33487208,72.24498197,54.48897355,11.32099921
2024/02/06,32.20492224,51.44624935,3.32393410,58.32175647,72.82667818
2024/02/07,62.47617857,7.97813703,21.08545711,82.19166101,72.69510803
2024/02/08,29.77894638,51.59563140,98.27747603,70.38776434,59.14609414
2024/02/09,18.51875235,80.88309996,27.00652911,24.88848725,23.49846771
2024/02/10,21.47628337,75.83228264,60.56242649,95.53048233,29.28691245
2024/02/11,75.17235587,85.77755712,36.94720991,74.10196650,42.24294543
2024/02/12,32.82218767,68.11055462,39.53592481,93.56144206,97.99264977
2024/02/13,3.33649114,26.81495845,82.52421603,82.73242903,69.08572430
2024/02/14,30.73241340,41.99024696,95.08792847,27.16694777,55.95630199
2024/02/15,28.94820455,2.36557347,43.64482398,26.59788187,98.79796317
2024/02/16,54.91605530,4.44175314,46.57476730,40.59434470,31.34266876
2024/02/17,34.93609013,24.22478433,35.67458788,22.82880317,62.03102488
2024/02/18,88.72657892,39.47614772,98.04463525,84.06431642,75.55069033
2024/02/19,52.42131268,2.53336614,9.28267148,38.22103015,17.11449869
2024/02/20,14.87991774,56.03981080,68.95345459,85.13878613,69.11235255
2024/02/21,28.48520370,85.97260137,73.37730681,8.34866192,38.79861997
2024/02/22,79.56818200,19.74041360,67.98374753,41.13234365,42.84157600
2024/02/23,28.73678445,1.11399112,14.16380198,63.94267078,56.82096735
2024/02/24,90.09738447,23.89516203,6.41439728,70.18962862,46.45809980
2024/02/25,33.42499856,25.84925748,23.73054705,79.34893155,23.22659684
2024/02/26,12.92455283,30.18048224,89.13931493,16.34478424,44.34717287
2024/02/27,46.37316969,47.36070487,60.04306967,12.76924028,93.83056232
2024/02/28,56.01907247,90.17430730,77.72518178,60.77871557,41.20676868
2024/02/29,70.05484122,89.17979490,66.93516689,86.65760569,96.90371255
2024/03/01,51.24894452,89.24925236,6.93520911,95.70953740,65.68844940
2024/03/02,31.26847855,99.30360687,48.57817139,60.53568837,92.49610453
2024/03/03,19.51176019,19.86787801,90.01810868,14.81586069,15.94517669
2024/03/04,55.55079861,55.79030872,45.19821237,91.45017800,59.34744717
2024/03/05,58.43595497,22.79449240,18.53421093,3.94756328,41.92610162
2024/03/06,87.69538004,74.09269681,66.64822512,51.74611857,63.51470761
2024/03/07,38.60523383,0.55795264,50.58537396,86.14403715,20.47868540
2024/03/08,29.58651757,78.31052347,35.04822819,1.82465927,15.31379805
2024/03/09,47.33786161,14.09110456,4.03430383,5.09765206,50.27403589
2024/03/10,5.65825431,0.31445452,96.55880498,74.62602446,11.02879212
2024/03/11,52.08954948,43.19397649,58.18440335,60.87136090,54.81923704
2024/03/12,0.57567923,96.49529713,76.79529209,78.49983698,59.22290399
2024/03/13,45.16516668,54.13420171,52.07917444,54.03084790,96.81301041
2024/03/14,59.34107626,94.43282919,39.66216013,82.06289979,5.05098034
2024/03/15,81.63866035,35.49006591,2.62354076,54.96519817,87.88828944
2024/03/16,89.29032878,76.15988205,92.46960195,46.71222552,68.03775171
2024/03/17,75.43010610,7.76140857,91.59709339,38.30153410,66.20256880
2024/03/18,27.66381396,37.13742417,67.41317827,51.56109682,0.52627429
2024/03/19,92.65756709,11.36689856,71.55091428,10.98615634,42.22352823
2024/03/20,50.73559527,1.21600251,33.90218535,78.31433021,52.55711300
2024/03/21,60.21144817,29.27540857,27.54322769,66.86065874,33.48089532
2024/03/22,52.30594540,80.17307703,44.83164043,95.08095501,91.54414710
2024/03/23,52.13848992,57.32977765,97.34785216,91.13132781,97.41212517
2024/03/24,27.13699307,60.84362057,95.36204724,39.27426626,73.81662798
2024/03/25,98.74528886,34.53908572,16.09208168,16.45229019,67.75486911
2024/03/26,93.31112765,40.48970715,30.23357698,19.19886244,13.96101348
2024/03/27,63.67172297,1.08266389,22.67148878,66.90567842,42.72387663
2024/03/28,0.88251593,4.36081708,62.75101282,7.20663241,42.37804766
2024/03/29,67.39574060,72.30942693,72.62389793,2.37291988,36.53016989
2024/03/30,2.99157321,41.54120832,51.44105169,50.41871109,85.14188724
2024/03/31,39.67109722,94.69388344,70.83199269,47.84997425,44.54532507
2024/04/01,81.53518517,43.04310856,68.55067225,88.77704843,56.46073366
2024/04/02,62.96467829,30.64056501,98.77862669,46.14313214,22.71387440
2024/04/03,46.85994304,64.56670921,19.56399156,3.96834509,40.79064232
2024/04/04,63.43231353,57.57138421,92.56549926,51.20447605,14.24601184
2024/04/05,81.64568334,52.33595579,2.27287691,49.33246625,92.06262472
2024/04/06,46.70507445,59.76835622,14.79287944,3.51620790,70.83681106
2024/04/07,31.24694569,88.79344990,29.92670176,75.56291590,78.30953523
2024/04/08,66.49568997,46.16749466,40.48279477,43.52532895,41.31168442
2024/04/09,31.40307168,73.57574610,46.61292285,14.57712777,85.28870913
2024/04/10,64.69760602,38.23528170,72.33126056,79.84596250,73.75764032
2024/04/11,64.12822269,63.42374041,67.07198921,48.03764419,19.99650809
2024/04/12,64.02319457,2.38203142,45.68521224,18.16328814,78.19168895
2024/04/13,94.61403018,59.19298913,21.63142609,83.08980617,28.29828277
2024/04/14,66.02470443,84.42899920,71.70998300,31.19630869,40.32801693
2024/04/15,58.87644234,7.95442488,22.98157602,73.98346432,86.18623780
2024/04/16,12.73203914,45.05112566,41.48975369,39.95875367,7.58250584
2024/04/17,73.48284678,53.53190592,30.69720053,19.64359605,11.60216939
2024/04/18,5.08174054,97.48895417,63.55171903,53.36929430,70.28216543
2024/04/19,34.79346299,53.48073038,31.91339703,27.87129784,87.21568780
2024/04/20,69.16766683,43.99178281,82.68140935,67.37333676,46.96426652
2024/04/21,32.02284239,14.63849733,89.36959886,12.57829442,16.11184151
2024/04/22,75.52681461,97.35157634,61.21279399,9.06534259,27.00577625
2024/04/23,55.90635278,22.03895510,42.44848111,40.74815578,22.31760314
2024/04/24,16.53857463,21.02841848,6.46375296,13.10944453,13.14544884
2024/04/25,2.24445210,81.28033593,22.39896923,36.64822207,12.72125059
2024/04/26,94.39482173,56.00864875,87.70070958,29.29376837,7.38185052
2024/04/27,41.25427294,29.62029566,56.71839020,92.49480206,74.01793563
2024/04/28,84.32284224,20.44098402,20.78681428,35.62940420,6.12667845
2024/04/29,45.15757475,50.52753788,75.41056493,50.51727740,96.41979855
2024/04/30,8.74498854,38.01617415,93.52696822,62.20423519,79.43040783
2024/05/01,35.36257319,15.10043552,2.66926593,54.77282329,79.65597209
2024/05/02,6.74834367,67.80954651,53.50864774,93.68648404,17.60485119
2024/05/03,25.20940490,46.38680658,19.87818280,55.10491005,51.98014598
2024/05/04,51.89962297,87.52817590,98.91173297,90.66132362,57.69999771
2024/05/05,75.20848659,42.34596709,11.29814757,34.89624996,7.20303474
2024/05/06,47.15911006,95.57865134,40.94120566,6.95614853,49.09263844
2024/05/07,8.51457722,41.25662976,93.18533054,14.46688495,9.80917831
2024/05/08,52.48254023,53.34050660,18.37419060,23.83396527,27.78768351
2024/05/09,19.58982643,11.96842154,35.75936530,78.51533645,36.60213939
2024/05/10,21.13936413,44.60749869,40.48546590,67.32057636,64.57584128
2024/05/11,4.52402597,39.03726146,83.53273202,39.25616280,60.18115846
2024/05/12,55.94855594,14.58532675,70.99492124,24.14549137,51.87722685
2024/05/13,99.12840444,86.98705827,52.79130027,90.26264724,69.77310166
2024/05/14,75.92567534,9.62865961,38.04123806,69.67049463,27.22285895
2024/05/15,81.19350285,39.97109553,52.41833621,78.51533685,25.86521560
2024/05/16,25.29646592,66.95083314,8.03868502,7.92504431,26.30556954
2024/05/17,85.88121320,45.40704449,71.25031223,67.24659774,20.53616093
2024/05/18,4.91763444,19.97158440,72.86193998,88.85568824,34.71738593
2024/05/19,2.84071592,73.43519192,92.62780614,4.78674874,36.30481334
2024/05/20,13.54266448,21.93277516,20.27555638,85.69066735,91.53587679
2024/05/21,52.73821488,4.16791682,19.97489641,46.58353044,35.20010435
2024/05/22,14.78518182,30.14919383,82.97333762,81.01943875,15.73240062
2024/05/23,27.55292846,62.33550511,37.74579823,8.45585918,61.60638861
2024/05/24,27.58896407,0.98486172,93.51132517,36.60843884,73.89989799
2024/05/25,95.62410808,84.82050834,54.02676169,91.74819525,88.29161414
2024/05/26,66.01570274,9.60754328,94.01403639,8.34202055,26.13072776
2024/05/27,91.49129978,7.60281551,54.36043403,51.60303426,49.40366120
2024/05/28,25.62008378,55.49008647,9.75247861,12.42224592,2.13918148
2024/05/29,25.39078389,36.90785174,45.70145274,17.99604048,65.85101799
2024/05/30,47.45990776,59.43411320,30.68068802,87.67817177,66.04380402
2024/05/31,83.24781304,16.98451514,28.94862400,88.48298288,24.26497079
2024/06/01,15.46594457,26.55611071,70.56201065,84.13298817,64.32568572
2024/06/02,49.33813200,27.78593104,34.35245901,34.96343280,66.71547634
2024/06/03,71.42487594,86.64701343,54.97793973,79.83713617,77.13420141
2024/06/04,34.99297756,18.09248597,51.45860802,15.90127420,4.50020470
2024/06/05,87.32185449,68.84313185,84.93219097,35.44543721,20.79530352
2024/06/06,24.53542543,63.47045536,27.38158172,59.08368033,15.89750495
2024/06/07,54.64919360,32.49118858,63.96216069,27.08633239,93.20238864
2024/06/08,95.58112036,83.88924893,23.32806990,62.49944188,72.84892319
2024/06/09,60.12819068,36.50583649,58.91805243,51.01244650,21.49714161
2024/06/10,71.15354670,84.88425973,12.27118579,25.37801674,88.83499522
2024/06/11,93.62552522,45.71160998,26.31101004,62.67012357,73.25212603
2024/06/12,67.60435937,79.70802362,42.00069434,25.54089891,4.01287249
2024/06/13,44.92757546,82.82846035,68.00219453,97.68263246,50.73514514
2024/06/14,37.96525140,20.38223538,89.22414047,34.91967358,38.56803301
2024/06/15,1.27828481,42.14400206,83.54763953,82.58299758,2.64472485
2024/06/16,35.30852728,70.27179876,56.16474217,66.93929040,16.05799949
2024/06/17,11.12693445,25.88217151,38.95476521,54.98011723,89.23962400
2024/06/18,6.47474904,65.92394640,54.36907940,81.77944757,93.86141081
2024/06/19,88.99270944,81.53589745,66.86206431,8.72718039,61.88823135
2024/06/20,5.72437544,78.80565913,94.40760547,68.23970209,54.39284601
2024/06/21,84.56126043,94.98391624,17.66532268,58.08475099,18.25728446
2024/06/22,65.47014749,93.43639490,26.06798070,45.64543284,15.28191763
2024/06/23,64.82038582,88.30712151,66.42425551,25.54244695,19.26696445
2024/06/24,83.22799565,85.78724975,55.65799575,1.30416657,46.15268254
2024/06/25,30.97907300,70.98792881,19.32039959,13.34229691,99.05180829
2024/06/26,97.43980643,5.23561096,61.34126034,30.86593305,70.78544367
2024/06/27,56.81089351,18.02596565,53.27890086,1.23387300,99.85427433
2024/06/28,29.20571257,0.19842763,71.53518396,43.99021999,56.00353562
2024/06/29,47.84530247,52.86864367,4.74118215,84.13445874,89.48079115
2024/06/30,92.54767509,85.24718005,87.84133572,4.54041565,93.74622864
2024/07/01,24.31088901,57.39056002,54.51374591,99.32512452,51.45247714
2024/07/02,4.68815849,46.87682827,67.05776561,27.38892890,51.28194277
2024/07/03,11.56882986,66.23297786,24.91433667,35.43660213,17.32161235
2024/07/04,62.25926578,3.47011255,59.03300080,58.69007700,19.27212520
2024/07/05,90.73023101,13.25596542,62.68928557,15.24117116,93.79067682
2024/07/06,91.94691537,97.51422582,55.41153206,18.87276517,46.44270661
2024/07/07,91.89168790,19.01526538,76.51535809,46.74097969,96.58142098
2024/07/08,81.57304699,99.60531702,11.47784137,64.49700664,13.63048619
2024/07/09,33.54239718,97.62275090,4.59517329,38.47932875,36.81981740
2024/07/10,13.23176356,39.81233161,50.97796627,15.29435594,49.26537968
2024/07/11,24.07281832,98.66959509,29.25430576,10.98460336,41.68763057
2024/07/12,45.09712186,77.73689641,88.08164855,27.44121424,42.76943782
2024/07/13,52.60905878,57.49049225,25.29553833,36.99252103,10.08890538
2024/07/14,64.55139986,30.95289216,63.78931720,60.70703961,69.00416090
2024/07/15,86.68702941,73.07679558,9.26628020,56.87683249,4.04528171
2024/07/16,30.66214326,66.92633389,39.31437946,89.63593421,76.06859504
2024/07/17,74.82049510,30.32181484,32.17118867,97.50332658,65.69084776
2024/07/18,74.03619185,36.88039044,8.35186505,3.57758223,46.39237533
2024/07/19,78.54918660,62.39770111,22.42076413,6.45619715,36.72280809
2024/07/20,33.19207892,70.80448941,57.67055424,8.58651360,70.29299916
2024/07/21,45.69541794,44.04203287,88.03102980,41.89127704,90.56797097
2024/07/22,23.88079701,26.09808138,0.50988598,29.53934043,15.82588509
2024/07/23,27.67880662,44.59099964,53.27865279,4.17567077,97.15089887
2024/07/24,22.99495447,86.62261225,68.87949390,89.47146403,44.80124465
2024/07/25,81.18498583,97.96320244,2.32092252,65.99063973,15.97738769
2024/07/26,77.59588991,26.50257333,93.69801290,15.58777383,53.32952601
2024/07/27,62.98516539,67.36105857,63.31277588,68.90578463,8.58832985
2024/07/28,98.53946479,45.96973479,87.98013148,63.11600106,99.03560021
2024/07/29,78.79621329,89.47983093,51.12890164,74.65955009,94.74757272
2024/07/30,13.67658434,53.88724268,65.22857797,17.93167596,66.19218482
2024/07/31,45.01502529,81.74051025,36.06473795,4.22308684,89.32926596
2024/08/01,21.66346718,92.13319483,70.22333498,67.22515197,62.49008838
2024/08/02,65.89900690,59.76843014,92.34178494,52.89232924,7.22980355
2024/08/03,51.17284975,12.26018643,1.03402599,26.31310726,82.93115906
2024/08/04,54.34424151,1.51459891,95.89786863,71.31461878,51.48739456
2024/08/05,65.73477530,74.04202767,91.02650246,45.35679282,34.71864908
2024/08/06,63.79187346,5.27329413,35.18109975,47.27250974,97.12203372
2024/08/07,78.75632745,55.48139906,59.10442386,35.25787804,43.51349721
2024/08/08,20.95922298,70.86236595,98.56046063,92.19734506,15.23972224
2024/08/09,73.37452369,70.19000057,60.19857234,32.32108186,33.02144685
2024/08/10,53.34591900,8.40429095,5.40493550,1.76673211,35.87515147
2024/08/11,32.67362358,45.95906229,1.89802283,26.36250751,16.58944627
2024/08/12,85.60267620,65.96584367,71.89650244,48.97928726,37.68887474
2024/08/13,65.20696356,83.74139479,65.02371479,1.83084026,12.59801099
2024/08/14,69.11823856,3.59249605,43.58378520,99.47526356,59.31193625
2024/08/15,31.68159214,21.82001403,66.58389178,14.15372301,80.73666195
2024/08/16,55.31794265,24.47379582,49.36870364,95.26403544,10.89910970
2024/08/17,22.59464391,40.23805043,46.75473028,87.68648892,7.90571167
2024/08/18,43.52337565,7.60204295,63.52151343,6.61311395,30.50053732
2024/08/19,68.77110552,52.93314511,63.52291266,5.57683371,59.81740653
2024/08/20,83.60615061,64.11871583,94.08031291,76.15649802,50.37284928
2024/08/21,53.21363012,77.75362258,35.89951776,0.17032123,14.80022844
2024/08/22,11.66437567,90.12905922,1.26036250,57.20885725,21.24341155
2024/08/23,39.73118441,90.13430749,22.29713200,40.17933363,73.72336011
2024/08/24,87.31188987,53.49579379,21.20339852,53.69302785,61.92239630
2024/08/25,81.07946310,22.70019152,23.60416552,92.80989760,88.81984020
2024/08/26,92.54441604,82.89598344,21.90794471,60.30734869,92.71309526
2024/08/27,31.32635566,83.72957422,0.46832521,28.85121774,35.25087947
2024/08/28,41.61665843,85.57175834,5.13380526,61.35117050,36.64884449
2024/08/29,7.03770658,33.74904290,33.87018447,30.09331768,8.24362829
2024/08/30,4.16605832,54.01405092,92.48630517,26.13807532,5.23726293
2024/08/31,72.39796078,0.56452040,31.21297500,41.08415864,57.54535532
2024/09/01,13.79306384,45.39083144,30.73785254,84.08099620,14.49998552
2024/09/02,36.56102597,60.08377799,97.50689862,86.84689647,68.94700480
2024/09/03,1.71873717,90.93570906,57.15706095,28.24852708,31.22514435
2024/09/04,88.99381090,92.52226348,75.53733237,19.36704111,4.43676192
2024/09/05,71.08411980,60.71219215,5.96151013,74.79893424,56.42972793
2024/09/06,53.11882039,27.25541272,59.12923405,39.95901203,1.77144647
2024/09/07,91.23978029,89.40842380,86.95517367,4.77654676,64.36852838
2024/09/08,4.41584254,89.78949262,67.24732985,75.91052637,37.84438522
2024/09/09,80.84536494,2.64582461,34.51680895,3.95595543,26.18536864
2024/09/10,34.47939244,39.51731199,64.58674240,11.05122955,87.77125114
2024/09/11,88.88604285,16.77063538,0.18362416,87.64445282,96.91925444
2024/09/12,75.07071312,48.02791798,98.34592956,43.67524119,70.09789162
2024/09/13,53.38955516,56.28950576,52.46106003,41.53740333,86.59672251
2024/09/14,29.78399186,18.99015648,39.33375045,26.88517973,1.57014211
2024/09/15,46.41477785,84.48103054,65.03926239,37.20576828,70.70369009
2024/09/16,60.46771443,12.53079418,69.64818283,96.60864535,83.66634798
2024/09/17,34.94034325,33.70920071,96.31222158,39.29564222,61.92766052
2024/09/18,15.37528017,61.86399203,40.71437466,81.42082527,16.33640998
2024/09/19,32.47630145,63.26547703,32.19748783,16.36641275,35.78819119
2024/09/20,9.60836855,96.01593560,39.42496596,97.59896380,44.03268847
2024/09/21,67.80326624,17.24718084,16.38559798,61.74636825,11.54248532
2024/09/22,66.68638646,76.73682259,23.39579665,40.25854263,21.90388851
2024/09/23,35.44677846,40.25904944,4.66612389,1.14920818,84.59939477
2024/09/24,38.07334466,34.40946765,14.05965759,92.31481821,89.70990299
2024/09/25,53.42135912,5.11708423,39.47697670,1.32080037,48.97915616
2024/09/26,83.86105125,49.10430041,86.55411483,7.66488227,26.35843072
2024/09/27,46.87829618,61.37489833,68.02058043,44.81686825,90.77677173
2024/09/28,56.63784504,78.78693086,52.43689882,85.25411362,43.06064909
2024/09/29,33.13146085,36.30212061,68.43435915,63.94707951,76.18571785
2024/09/30,48.74171891,75.96284320,9.04839398,39.92567095,81.16921165
2024/10/01,10.59793711,66.09434868,9.78300740,9.58168120,27.73329728
2024/10/02,87.41458536,46.50484528,88.20359200,49.81308251,90.80785527
2024/10/03,67.65957375,51.94497904,91.02751712,26.10709184,81.01008293
2024/10/04,37.39344133,40.92030037,83.30021187,38.75841275,45.45243740
2024/10/05,45.44377510,87.17823222,35.32488044,56.86303146,22.91327216
2024/10/06,76.08512565,52.98119719,72.98976690,36.27964451,93.24469626
2024/10/07,14.58545438,25.14589759,69.12318290,27.47006865,24.90914802
2024/10/08,3.81347899,10.04486145,78.74641000,1.45799286,1.25874205
2024/10/09,40.55074191,61.25019504,93.43005823,53.63894735,53.63241222
2024/10/10,63.40742299,44.74377485,51.42664080,39.45314704,36.65533565
2024/10/11,34.61258008,9.94059540,70.21826628,59.98266873,14.88299098
2024/10/12,5.22310247,81.74222202,75.98281885,43.37677871,49.77113784
2024/10/13,75.28993847,93.58353784,68.02503439,82.75869455,16.05990079
2024/10/14,66.26066015,80.45073057,28.04519041,60.05317519,62.62988152
2024/10/15,60.65308490,33.67582210,45.91367397,0.04961663,82.79081126
2024/10/16,84.46187088,48.61658258,22.43707820,48.18297498,64.43787378
2024/10/17,41.98843688,27.23503386,46.02169800,85.23278592,92.89526671
2024/10/18,93.01115149,96.20966257,81.44954035,45.20441954,88.18397013
2024/10/19,20.31476983,80.22121841,69.30971285,65.81325930,30.00493633
2024/10/20,36.16090394,70.61947609,42.55524189,89.54140958,85.52763897
2024/10/21,16.04325326,32.46546887,31.09793203,0.19433089,19.60722296
2024/10/22,0.81539818,91.63600848,63.04888635,57.38345676,90.49556570
2024/10/23,34.11398014,56.76835660,88.45405522,7.35289263,22.78553100
2024/10/24,21.05195484,65.06086875,31.73789511,8.54087526,36.87391341
2024/10/25,61.72845965,10.07428887,18.09194635,82.31331335,70.67590659
2024/10/26,88.88295351,46.41146451,81.67099314,88.03119770,65.61932005
2024/10/27,83.18127054,13.77731460,73.05129433,77.16062185,26.58377334
2024/10/28,41.04379655,94.00334206,0.89110848,3.21365719,10.19747535
2024/10/29,4.04483380,53.89372877,8.13076427,28.12734705,72.58870220
2024/10/30,75.12657221,48.12337752,94.01751224,29.06391836,22.79756559
2024/10/31,81.15393911,62.35971550,41.91730561,81.14607844,52.84699070
2024/11/01,14.18503924,70.37892176,56.63281543,53.92588258,86.56134990
2024/11/02,24.94581064,96.99150967,62.70874342,80.91565193,98.90272196
2024/11/03,51.48032792,39.68713757,44.64000099,21.61495921,25.33986896
2024/11/04,58.12478294,9.75621546,13.63097460,97.05651639,75.95590348
2024/11/05,72.33852378,59.72716174,83.81536713,18.02611535,83.85596701
2024/11/06,69.35222456,41.94944275,57.56091629,83.56913478,84.15232804
2024/11/07,91.26227490,19.81032632,69.41258509,18.74341741,41.67079305
2024/11/08,24.41611936,32.25128487,86.40767081,76.98243146,41.94048010
2024/11/09,62.86458986,39.39078387,38.83349404,65.70938947,32.59997773
2024/11/10,48.76862278,21.69733953,62.68810959,1.22900859,98.54665118
2024/11/11,64.20660735,5.22260643,25.48366062,76.30128427,46.43635239
2024/11/12,73.84166869,79.81555761,20.82095879,31.29417714,20.70919493
2024/11/13,65.17440310,49.15980011,67.36211964,81.19108397,9.79954637
2024/11/14,6.09459261,64.47164146,45.85701896,70.92503045,44.16288545
2024/11/15,67.10119038,52.81769724,3.06247562,37.96417842,54.70399539
2024/11/16,72.38993174,37.72654448,15.43667701,84.18891787,80.38175384
2024/11/17,2.41835667,10.52752644,18.20454829,91.66502412,84.29483368
2024/11/18,1.72471533,39.95951790,93.94852356,92.02686695,16.65913350
2024/11/19,23.88844768,32.82905936,80.85707028,58.99539593,50.66382768
2024/11/20,65.78603323,52.24262936,38.23234036,71.06506676,71.29325620
2024/11/21,16.87978380,13.14308666,53.12948866,1.31526381,60.52668286
2024/11/22,22.81527745,4.99062802,21.55056515,54.85084039,69.31792656
2024/11/23,68.68464360,22.65186245,58.97104172,75.69821862,81.32743275
2024/11/24,96.40741740,10.06666012,85.33483086,25.07201202,45.25150364
2024/11/25,46.74146109,22.79488817,60.51929144,77.28825756,4.03170176
2024/11/26,14.37283349,73.72518238,39.88018978,89.56617717,9.17686458
2024/11/27,49.57535408,90.54534076,68.80749266,92.46100268,25.23104463
2024/11/28,14.47064674,68.21950339,36.44703225,15.02951567,72.36976444
2024/11/29,27.18611305,87.90360654,59.43698821,94.68510593,73.00483492
2024/11/30,84.38203242,89.41990001,39.58342259,74.59304903,81.52597159
2024/12/01,2.17175195,76.97739026,70.21028235,39.76830699,82.31059567
2024/12/02,62.88592472,27.05515011,78.11278547,24.85708458,33.16181882
2024/12/03,46.26611534,2.54619274,37.36654396,47.66540073,94.85757148
2024/12/04,9.37379615,8.63829308,28.03584826,6.11325149,82.77860170
2024/12/05,69.45730406,74.40885846,33.95889920,94.67088941,80.54512978
2024/12/06,60.16595037,76.46107447,36.52768060,56.74443409,85.09878444
2024/12/07,33.72732700,17.77721408,11.14357380,53.90058578,60.38770106
2024/12/08,24.34966352,72.90272742,28.46109293,12.26861964,39.19455621
2024/12/09,86.03577222,0.49020495,83.40170251,90.32555053,6.35216118
2024/12/10,75.63119953,82.05534755,73.93817862,83.31778776,13.15616157
2024/12/11,1.66847682,29.29226249,64.41503496,68.55472390,1.66659951
2024/12/12,18.58699687,98.47590188,13.64144963,70.81098219,96.19930499
2024/12/13,63.54897989,56.03270145,20.14090015,20.46092648,46.78339359
2024/12/14,97.55978756,19.68611434,51.42052531,42.84948905,60.30280818
2024/12/15,26.08764967,8.42412684,6.59799814,97.05055008,54.98679564
2024/12/16,95.98201852,40.75515816,97.34644353,65.46559108,84.58663555
2024/12/17,84.65540612,44.71470336,95.51575821,45.97909619,44.57262104
2024/12/18,21.79117176,23.10619696,29.76951534,46.61648573,9.12897506
2024/12/19,88.72661851,75.36524384,97.40572663,2.48254493,81.32608819
2024/12/20,43.66166742,53.55476669,8.05266676,25.40956381,12.54365885
2024/12/21,35.38364334,35.54575840,63.33821057,74.60773597,48.05068417
2024/12/22,2.38873105,22.84056172,79.30187513,88.17038663,28.15419607
2024/12/23,10.12527587,11.39100822,63.75569545,18.13335570,91.73971909
2024/12/24,13.16696951,23.56677447,38.18171917,18.01867194,95.06598360
2024/12/25,5.84731629,20.05980954,33.29289286,35.37076896,27.45576873
2024/12/26,99.12253257,6.26312476,90.30028761,15.34274589,70.63460222
2024/12/27,4.73445461,81.23652257,59.15602201,36.60709123,73.00552013
2024/12/28,60.86475985,66.84835238,8.21910431,67.64265476,98.32895779
2024/12/29,98.45599134,75.74168051,66.40742151,55.00826904,68.58235667
2024/12/30,10.51100899,47.09807247,21.42839062,77.54399404,78.71398248
2024/12/31,81.73571705,24.38158610,65.19648743,49.19431497,80.93543498
2025/01/01,67.71930487,21.33633761,6.82336441,92.51478183,35.24685447
2025/01/02,74.01958700,84.09174659,70.09263885,33.72263631,51.27468838
2025/01/03,41.28600588,47.80138997,22.23270745,49.07691122,77.76560951
2025/01/04,94.93013008,83.20246990,99.55506746,35.71543349,22.58194514
2025/01/05,58.44490442,71.25748788,16.66108785,73.72181408,87.40058366
2025/01/06,40.31506195,33.79530417,27.12792754,93.99592281,1.78522282
2025/01/07,14.28550276,5.85000982,80.95093464,66.91531552,44.96870203
2025/01/08,41.35715921,64.71442433,27.70887898,27.24097046,28.36452477
2025/01/09,44.92277530,5.41031199,17.42822449,15.68168309,14.65290288
2025/01/10,85.07202691,60.97919166,1.63690915,48.32767687,97.88605090
2025/01/11,61.20507459,65.36810952,93.25329492,49.26193003,77.90160507
2025/01/12,86.35873254,92.05994166,31.35117280,16.70860614,22.35214803
2025/01/13,80.55900195,52.28365578,60.48160835,45.89636880,45.31265256
2025/01/14,54.81662019,28.20273852,84.09247536,28.84069263,12.51495242
2025/01/15,68.71103498,82.72058291,23.60192594,1.87044567,98.74837094
2025/01/16,68.04772353,40.43903188,87.87296219,57.67200135,2.20229664
2025/01/17,70.52461763,85.09979664,52.81225773,27.27696765,21.72291886
2025/01/18,59.56393954,25.26888405,75.83012276,80.61565060,91.17379299
2025/01/19,42.66175085,21.21996257,93.14596573,39.11181409,7.52022081
2025/01/20,78.75459919,3.38635513,70.38593452,52.29608155,68.36008417
2025/01/21,16.50935957,3.85600971,41.44220622,20.49758352,13.68098364
2025/01/22,84.08457165,63.76164249,92.52776240,28.63291584,95.83394511
2025/01/23,86.60945615,92.77263610,74.16824287,26.39878556,63.74836810
2025/01/24,90.44346277,20.58018748,37.11860116,38.62200012,32.75831496
2025/01/25,69.01947671,2.43594614,80.88254579,18.81402197,49.28809192
2025/01/26,91.21764220,24.10951658,99.93676656,94.47264108,44.05817020
2025/01/27,89.15290524,78.56482046,26.80530424,40.10298958,17.42970428
2025/01/28,44.11754667,88.01060518,38.93827018,28.85117906,35.01269836
2025/01/29,96.00468809,88.75206682,34.84881397,87.70510500,75.26439710
2025/01/30,40.45808723,34.51619481,29.76406159,56.80198366,95.86421376
2025/01/31,87.87897775,52.68154824,11.10596009,2.19212727,93.40717554
2025/02/01,14.66418182,90.39599847,32.83319521,99.14605506,12.33657397
2025/02/02,53.72620317,35.78899371,7.33050157,51.12997270,85.94506398
2025/02/03,64.54243442,67.77501164,90.83200763,76.38151140,6.30933308
2025/02/04,33.39140770,84.76306925,25.19253877,44.42983150,71.84982074
2025/02/05,24.92026462,84.76739881,22.61243228,21.96094277,67.86685608
2025/02/06,82.06468428,78.12224486,96.58757308,64.62108474,19.57475934
2025/02/07,59.92423373,44.40741159,39.89614783,62.05916939,77.08253624
2025/02/08,5.93344000,78.22487947,79.30264807,47.70173873,51.05553365
2025/02/09,37.43084674,98.58004793,4.58308098,71.45651122,82.52586778
2025/02/10,59.18647107,69.70815144,8.20421013,91.91538783,81.71771391
2025/02/11,59.30438729,47.12560908,11.54827265,53.99630903,71.47989696
2025/02/12,92.63147743,43.60883250,21.17230098,62.48265573,2.37291455
2025/02/13,81.11264209,89.62315643,73.09482773,21.01361723,70.93129354
2025/02/14,40.67048411,21.48784175,42.03131035,23.16468528,13.86107333
2025/02/15,3.88239383,80.74906684,1.65814099,38.89092545,98.19440031
2025/02/16,28.35602724,90.38086813,28.33155618,20.47052809,47.06871709
2025/02/17,36.99197114,17.47763905,29.68614959,59.18245415,46.31266672
2025/02/18,4.81911248,1.53061989,23.06460999,68.16199427,77.80131134
2025/02/19,10.59231538,45.29392744,45.43098160,14.73595710,37.04523864
2025/02/20,34.84662662,84.37402203,7.14553834,52.86215587,34.16095508
2025/02/21,37.17408582,8.84163944,79.35001900,84.00791655,69.12128155
2025/02/22,80.39712278,46.04727297,75.07204372,63.32461936,69.50042331
2025/02/23,65.72808047,96.39931207,60.42219831,15.94455347,90.98206460
2025/02/24,98.26998969,97.89491761,86.84161051,21.00646592,86.47770693
2025/02/25,1.50350229,4.56887873,72.44055725,80.69689267,96.09137725
2025/02/26,84.10164454,46.92340810,69.01807795,12.13194920,60.24354336
2025/02/27,80.54914615,13.33706084,83.78444452,29.67334800,76.07031956
2025/02/28,62.87181084,38.75809621,67.54891400,57.27940775,39.92754691
2025/03/01,6.53072970,63.25205935,91.80124388,55.96513604,53.40595748
2025/03/02,35.77375390,60.93924297,65.20859573,64.37881053,47.42113572
2025/03/03,6.80878132,11.79723216,64.34308321,99.06228103,14.55365219
2025/03/04,34.46028747,39.43302284,32.36699871,20.79077008,29.96470352
2025/03/05,19.69653485,53.83152858,91.93155650,46.15612831,87.07599351
2025/03/06,57.34485117,93.60122044,38.05021195,4.96191377,91.04609632
2025/03/07,2.77037587,45.06360389,23.46872159,62.75655578,77.42917812
2025/03/08,27.90006447,20.14396210,47.84734359,77.32235084,93.05400602
2025/03/09,68.20220404,27.20091346,91.38993891,66.21174679,64.22622496
2025/03/10,94.70762326,73.07213035,51.18483627,55.53043297,63.67951532
2025/03/11,41.84963325,74.68147088,90.83308774,56.05426020,34.75634578
2025/03/12,0.07920564,10.62698853,1.08764206,68.07366065,40.86475474
2025/03/13,57.45104217,60.93342450,93.80490101,84.14917984,76.91826129
2025/03/14,49.87199618,48.40336822,14.14801141,1.99793492,93.66881437
2025/03/15,4.70231361,39.44661661,56.82275072,35.63558846,70.22607266
2025/03/16,7.87220826,57.57669564,85.44438144,21.23028746,21.91637746
2025/03/17,68.71902632,6.40924648,71.74817174,59.99413211,41.73453702
2025/03/18,79.37366816,72.65261178,57.98216737,22.39205670,89.24863931
2025/03/19,15.32679982,44.76429670,54.87895115,27.62859903,71.29182180
2025/03/20,47.99328635,2.84087018,71.80234782,23.52886754,75.35356512
2025/03/21,87.36091602,24.83660262,87.32327921,62.60472547,57.20483882
2025/03/22,87.76634557,91.85837675,20.64304495,70.98309978,3.50067696
2025/03/23,40.32709022,51.01512416,40.09116846,69.65028003,23.60909389
2025/03/24,22.73775436,35.31130273,92.48306133,80.47763728,86.12979215
2025/03/25,28.82321921,13.78006796,72.47365350,18.44871982,16.20046325
2025/03/26,50.88124862,24.18028203,0.31290020,92.30494138,31.23128991
2025/03/27,82.95737148,43.48381528,6.77960606,53.94284606,72.04567894
2025/03/28,89.91964629,4.40377522,72.94940424,22.20080785,7.71798570
2025/03/29,82.13328069,50.77325964,31.60563356,0.93597865,46.16131204
2025/03/30,50.93117729,69.23759699,51.78596869,20.48683631,91.13521423
2025/03/31,99.76724078,89.37773479,14.79798065,22.61914540,21.76868212
2025/04/01,64.37934483,97.69140004,15.38854578,31.39053096,33.61800815
2025/04/02,59.14665706,81.65141983,45.01599300,83.74052757,0.93951171
2025/04/03,10.43270632,63.71110711,21.33306641,69.88325398,88.65842112
2025/04/04,93.77798785,96.70882404,26.95946109,12.43413789,99.91074242
2025/04/05,5.53486297,93.32571380,93.58276922,85.28595022,25.15274084
2025/04/06,68.31103925,6.12064004,46.79903489,7.57846553,94.06149355
2025/04/07,6.02100433,74.65777343,38.78218565,58.36983416,74.42217005
2025/04/08,99.74840726,83.37420717,95.52839205,53.14578643,51.99590290
2025/04/09,18.56437524,63.46533902,35.46515882,33.70167083,23.78553264
2025/04/10,58.79428623,64.53415212,12.10076281,64.81857966,29.84999719
2025/04/11,52.75479071,36.28500754,24.38580315,75.07866022,72.77807758
2025/04/12,80.31960141,94.42544427,28.97580222,61.70478059,33.10791076
2025/04/13,90.62613592,74.53392523,44.24240777,82.05393345,4.74546287
2025/04/14,14.73796370,47.70622910,39.06326901,38.45370227,88.71901385
2025/04/15,82.93604197,49.89006287,49.57829069,42.30825983,80.74917794
2025/04/16,13.72641305,88.86232290,11.10829370,18.43686441,96.16580151
2025/04/17,99.42921620,30.79128831,8.32602463,58.92470995,6.40003255
2025/04/18,26.03183596,72.22774749,0.10369341,74.24258592,47.21826190
2025/04/19,9.16166488,90.26504776,42.70174726,58.16261703,57.66115546
2025/04/20,42.10180791,4.02840710,45.08673975,50.01038792,89.33549306
2025/04/21,38.06809633,40.42768609,1.04256155,13.48108618,86.19112998
2025/04/22,94.93031742,79.28935660,74.10523310,44.59595883,70.56937433
2025/04/23,43.01322941,43.80878295,51.32866217,37.01817935,19.29397931
2025/04/24,60.40274355,39.70675894,23.28157077,70.03179903,45.62531422
2025/04/25,18.69331528,70.93007127,67.33089590,41.13243863,81.76060931
2025/04/26,14.96367609,58.91776906,68.03475989,85.37832826,66.64502689
2025/04/27,58.41977875,23.99293218,72.44023418,9.16351572,60.99982214
2025/04/28,39.93614204,61.83512526,69.15395529,40.99001229,45.06854532
2025/04/29,37.26993268,41.56358492,82.02531415,44.54618202,27.77460239
2025/04/30,97.80316384,67.68656261,66.52352658,78.93185951,89.91436250
2025/05/01,77.42290342,93.00584439,76.24482392,75.69727875,75.53230262
2025/05/02,61.99424184,44.07940160,26.50194745,33.91522170,32.34102850
2025/05/03,90.26235713,17.20325919,15.54190970,71.37184728,32.85958814
2025/05/04,25.83033073,87.04732236,39.59970067,9.03360812,82.78290914
2025/05/05,82.25109834,86.49218955,93.88030240,10.69609584,75.94452847
2025/05/06,21.10853185,33.30144275,32.97178884,23.52468798,21.71201520
2025/05/07,22.01567968,71.74455120,32.05760094,54.14551291,87.27045352
2025/05/08,81.01583632,7.46786440,95.47434475,53.07982044,78.06477553
2025/05/09,60.48327567,1.87606411,48.66680815,98.56164675,19.98386810
2025/05/10,55.67956155,36.64457629,52.84187419,35.54256455,40.79947030
2025/05/11,47.55993378,42.84360492,95.39920664,63.37719991,94.62747207
2025/05/12,57.03650874,67.21382055,35.23700347,22.36159115,89.27423258
2025/05/13,78.36678851,8.03091363,89.36996410,66.54623286,32.88345027
2025/05/14,21.52381000,0.71990354,91.66484082,96.65967466,63.59930825
2025/05/15,81.82504944,50.20918950,93.14767698,24.88426952,3.00775750
2025/05/16,50.36135905,84.04449180,53.08615995,31.41118297,8.49467671
2025/05/17,16.52200486,87.73781454,16.57691918,87.57073785,16.91017881
2025/05/18,59.42254797,15.57429749,93.65468118,10.98844307,53.58438368
